index,win,baronFirst,baronKills,championFirst,championKills,dragonFirst,hordeFirst,inhibitorFirst,inhibitorKills,riftHeraldFirst,riftHeraldKills,towerFirst,towerKills,dragonKills_0,dragonKills_1,dragonKills_2,dragonKills_3,dragonKills_4,dragonKills_5,dragonKills_6,hordeKills_0,hordeKills_1,hordeKills_2,hordeKills_3,hordeKills_4,hordeKills_5,hordeKills_6
NA1_4944900685,True,False,0,True,24,True,False,False,0,True,1,True,5,False,False,True,False,False,False,False,True,False,False,False,False,False,False
NA1_4944868254,False,False,0,False,21,False,False,False,0,False,0,False,5,False,True,False,False,False,False,False,True,False,False,False,False,False,False
NA1_4944831054,True,True,1,False,47,True,True,False,2,False,0,False,9,False,False,False,False,False,True,False,False,False,True,False,False,False,False
NA1_4944770323,False,False,0,False,22,False,False,False,0,False,0,False,4,False,False,True,False,False,False,False,False,False,True,False,False,False,False
NA1_4944744201,True,True,2,False,22,True,True,True,2,True,1,True,8,False,False,False,False,True,False,False,False,False,False,False,False,False,True
NA1_4944091976,True,True,1,True,35,True,True,False,0,False,0,True,3,False,False,False,True,False,False,False,False,False,False,True,False,False,False
NA1_4944058850,False,False,0,False,22,True,True,False,0,True,1,False,3,False,True,False,False,False,False,False,False,False,False,False,False,False,True
NA1_4944018329,False,False,0,False,23,False,True,False,0,False,0,True,2,False,True,False,False,False,False,False,False,False,True,False,False,False,False
NA1_4943995972,False,False,0,False,6,False,False,False,0,False,0,False,0,True,False,False,False,False,False,False,True,False,False,False,False,False,False
NA1_4943839025,False,False,0,False,55,False,False,False,2,False,0,False,6,False,False,False,True,False,False,False,True,False,False,False,False,False,False
NA1_4943810141,True,True,1,False,42,False,True,True,5,False,0,True,11,False,False,True,False,False,False,False,False,False,False,False,False,False,True
NA1_4943758910,True,False,1,True,42,True,True,True,3,True,1,True,11,False,False,False,False,True,False,False,False,False,False,True,False,False,False
NA1_4943728681,False,False,0,True,38,False,False,False,1,False,0,True,5,False,True,False,False,False,False,False,True,False,False,False,False,False,False
NA1_4943704526,True,False,0,True,48,True,True,False,4,False,0,False,11,False,False,False,False,True,False,False,False,False,False,True,False,False,False
NA1_4943678694,True,False,0,True,50,False,True,True,4,True,1,True,11,False,False,False,True,False,False,False,False,False,False,True,False,False,False
NA1_4943344939,True,True,1,True,38,True,False,True,1,False,0,False,8,False,True,False,False,False,False,False,True,False,False,False,False,False,False
NA1_4943312135,False,False,0,False,24,False,False,False,0,False,0,True,3,False,True,False,False,False,False,False,True,False,False,False,False,False,False
NA1_4943270269,False,False,0,False,26,False,True,False,0,False,0,False,2,True,False,False,False,False,False,False,False,False,False,True,False,False,False
NA1_4943151699,True,False,0,True,29,True,True,True,3,True,1,True,11,False,False,False,True,False,False,False,False,False,False,False,False,False,True
NA1_4943028448,True,True,1,True,44,True,False,True,3,True,1,True,10,False,False,True,False,False,False,False,True,False,False,False,False,False,False
NA1_4942973499,True,False,0,True,51,True,False,False,2,True,1,True,10,False,False,False,False,False,True,False,True,False,False,False,False,False,False
NA1_4942946209,False,False,0,False,11,True,True,False,0,False,0,True,2,False,False,False,True,False,False,False,False,True,False,False,False,False,False
NA1_4942886259,True,False,0,True,35,True,False,True,2,False,0,True,11,False,False,False,False,True,False,False,True,False,False,False,False,False,False
NA1_4942867405,True,True,1,True,31,True,False,True,2,False,0,True,10,False,False,False,False,True,False,False,False,True,False,False,False,False,False
NA1_4942852655,False,False,0,False,6,True,False,False,0,False,0,False,0,False,True,False,False,False,False,False,True,False,False,False,False,False,False
NA1_4942841022,True,True,1,True,23,True,False,False,0,False,0,False,3,False,False,False,True,False,False,False,True,False,False,False,False,False,False
NA1_4942481396,True,False,0,False,0,False,False,False,0,False,0,False,0,True,False,False,False,False,False,False,True,False,False,False,False,False,False
NA1_4942456398,False,False,0,False,6,False,False,False,0,False,0,False,0,True,False,False,False,False,False,False,True,False,False,False,False,False,False
NA1_4942230154,False,False,0,False,7,False,False,False,0,False,0,False,0,False,True,False,False,False,False,False,False,True,False,False,False,False,False
NA1_4942195150,True,False,1,True,50,False,False,False,3,False,0,False,11,False,True,False,False,False,False,False,False,True,False,False,False,False,False
NA1_4941598816,False,False,0,False,30,True,False,False,0,False,0,True,4,False,False,True,False,False,False,False,True,False,False,False,False,False,False
NA1_4941556452,True,False,0,True,43,True,True,True,2,False,0,True,11,False,False,False,True,False,False,False,False,False,False,False,True,False,False
NA1_4941520344,False,False,0,False,21,False,False,False,0,False,0,False,2,False,True,False,False,False,False,False,False,True,False,False,False,False,False
NA1_4941489607,False,False,0,True,6,False,False,False,0,False,0,False,1,True,False,False,False,False,False,False,True,False,False,False,False,False,False
NA1_4941416489,True,True,2,False,44,True,True,True,2,False,0,True,10,False,False,False,False,True,False,False,False,False,False,True,False,False,False
NA1_4940850307,False,False,0,False,14,True,False,False,0,False,0,False,2,False,True,False,False,False,False,False,True,False,False,False,False,False,False
NA1_4940812727,False,False,0,False,22,True,False,False,0,False,0,False,1,False,True,False,False,False,False,False,True,False,False,False,False,False,False
NA1_4940791974,True,False,0,False,19,True,True,False,0,False,0,False,0,False,True,False,False,False,False,False,False,False,False,True,False,False,False
NA1_4940762863,False,False,0,False,15,False,True,False,0,True,1,False,3,True,False,False,False,False,False,False,False,False,True,False,False,False,False
NA1_4940718646,False,True,1,False,67,True,True,False,2,True,1,False,11,False,False,False,False,True,False,False,False,False,True,False,False,False,False
NA1_4940664287,True,False,0,True,45,False,False,False,0,False,0,False,5,False,False,False,True,False,False,False,True,False,False,False,False,False,False
NA1_4940093613,True,False,0,True,48,True,False,True,2,True,1,True,9,False,False,True,False,False,False,False,False,False,True,False,False,False,False
NA1_4940049447,True,True,1,False,39,True,False,True,3,True,1,True,9,False,False,False,False,True,False,False,False,True,False,False,False,False,False
NA1_4939961087,False,False,0,False,20,False,False,False,0,False,0,False,0,True,False,False,False,False,False,False,True,False,False,False,False,False,False
NA1_4939912203,True,False,0,True,22,True,True,False,0,True,1,True,2,False,False,True,False,False,False,False,False,False,False,True,False,False,False
NA1_4939879997,False,False,0,False,5,True,False,False,0,False,0,False,0,False,True,False,False,False,False,False,False,False,False,True,False,False,False
NA1_4939801537,False,False,0,True,37,False,True,False,0,False,0,False,2,False,True,False,False,False,False,False,False,False,False,False,True,False,False
NA1_4939802016,False,False,0,False,0,False,False,False,0,False,0,False,0,True,False,False,False,False,False,False,True,False,False,False,False,False,False
NA1_4939329338,False,False,0,False,21,True,False,False,0,True,1,True,1,False,True,False,False,False,False,False,True,False,False,False,False,False,False
NA1_4939294961,True,False,0,True,34,True,True,True,2,True,1,True,9,False,False,False,False,True,False,False,False,False,False,False,True,False,False
NA1_4944147793,True,True,1,True,42,True,False,True,3,True,1,True,11,False,False,False,True,False,False,False,False,False,True,False,False,False,False
NA1_4939533963,True,False,0,True,22,False,True,False,0,False,0,True,3,False,False,True,False,False,False,False,False,False,False,False,True,False,False
NA1_4936771780,False,False,0,False,35,False,False,True,1,True,1,False,8,False,True,False,False,False,False,False,True,False,False,False,False,False,False
NA1_4935519520,True,False,0,True,24,True,False,True,1,False,0,True,6,False,False,True,False,False,False,False,False,False,False,False,False,True,False
NA1_4935499948,True,True,1,False,22,False,True,False,0,True,1,False,7,False,False,True,False,False,False,False,False,False,False,False,False,False,True
NA1_4933123567,False,False,0,False,17,False,False,False,0,False,0,True,2,False,False,False,True,False,False,False,False,False,False,True,False,False,False
NA1_4933110227,False,False,0,False,11,False,False,False,0,False,0,False,0,True,False,False,False,False,False,False,True,False,False,False,False,False,False
NA1_4933101800,False,False,0,True,7,True,False,False,0,False,0,False,2,False,True,False,False,False,False,False,False,False,True,False,False,False,False
NA1_4932224317,True,True,2,False,45,False,True,True,3,True,1,False,11,False,False,False,True,False,False,False,False,False,False,False,False,False,True
NA1_4932196390,True,False,1,True,34,True,False,False,1,False,0,False,8,False,False,False,False,True,False,False,True,False,False,False,False,False,False
NA1_4931240205,False,False,0,True,36,False,False,False,0,False,0,False,4,False,True,False,False,False,False,False,True,False,False,False,False,False,False
NA1_4931217167,True,True,2,False,49,False,False,True,2,False,0,True,10,False,False,False,True,False,False,False,False,True,False,False,False,False,False
NA1_4931208833,False,False,0,False,13,False,True,False,0,False,0,False,2,False,True,False,False,False,False,False,False,False,False,True,False,False,False
NA1_4931193473,False,False,0,False,12,False,False,False,0,True,1,True,2,True,False,False,False,False,False,False,True,False,False,False,False,False,False
NA1_4930308373,False,False,0,False,34,True,False,False,0,False,0,True,4,False,True,False,False,False,False,False,True,False,False,False,False,False,False
NA1_4930296283,False,False,0,False,26,True,True,False,0,True,1,False,5,False,False,True,False,False,False,False,False,False,False,False,False,True,False
NA1_4930290814,False,True,2,True,36,True,True,True,2,True,1,True,10,False,False,False,True,False,False,False,False,False,False,False,False,False,True
NA1_4929438880,True,True,1,True,34,False,False,False,0,False,0,False,5,False,False,True,False,False,False,False,True,False,False,False,False,False,False
NA1_4928913896,True,True,1,True,55,False,False,True,4,True,1,True,10,False,False,False,False,True,False,False,False,True,False,False,False,False,False
NA1_4928886139,False,False,0,False,38,False,False,False,0,False,0,False,5,False,True,False,False,False,False,False,True,False,False,False,False,False,False
NA1_4927910454,True,False,0,True,30,True,True,True,2,True,1,True,11,False,False,False,True,False,False,False,False,False,False,False,False,False,True
NA1_4927899757,True,False,0,False,28,False,False,True,2,True,1,False,10,False,False,False,True,False,False,False,True,False,False,False,False,False,False
NA1_4927844447,True,True,1,True,42,True,True,True,3,True,1,True,11,False,False,False,True,False,False,False,False,False,False,False,False,True,False
NA1_4927834701,False,False,0,True,6,False,False,False,0,False,0,False,1,True,False,False,False,False,False,False,True,False,False,False,False,False,False
NA1_4927828242,True,False,0,True,18,True,True,False,0,False,0,True,3,False,False,True,False,False,False,False,False,False,False,False,False,False,True
NA1_4927819308,False,False,0,True,31,False,True,False,0,True,1,False,4,False,False,True,False,False,False,False,False,False,False,True,False,False,False
NA1_4927806439,False,False,0,False,42,False,False,False,1,False,0,False,8,False,True,False,False,False,False,False,False,False,False,True,False,False,False
NA1_4927796503,False,False,1,True,23,True,False,False,0,True,1,True,4,False,True,False,False,False,False,False,True,False,False,False,False,False,False
NA1_4927796841,True,False,0,True,28,False,True,False,0,False,0,True,5,False,True,False,False,False,False,False,False,False,False,False,False,False,True
NA1_4925828368,True,False,0,True,12,True,False,False,0,True,1,True,2,False,False,True,False,False,False,False,False,False,False,True,False,False,False
NA1_4925817259,False,False,0,False,23,False,False,False,0,True,1,False,2,True,False,False,False,False,False,False,False,True,False,False,False,False,False
NA1_4925802650,False,False,0,True,38,False,True,False,0,False,0,True,6,False,False,True,False,False,False,False,False,False,False,False,False,False,True
NA1_4925800006,False,False,0,False,4,False,True,False,0,False,0,False,0,True,False,False,False,False,False,False,False,True,False,False,False,False,False
NA1_4925790986,False,False,0,False,7,True,False,False,0,False,0,False,0,False,True,False,False,False,False,False,True,False,False,False,False,False,False
NA1_4922923579,False,False,0,False,20,True,False,True,3,True,1,True,9,False,False,True,False,False,False,False,False,True,False,False,False,False,False
NA1_4922911590,False,False,0,True,24,True,True,True,2,False,0,True,6,False,True,False,False,False,False,False,False,False,False,False,False,True,False
NA1_4921296232,False,False,0,False,37,True,False,False,0,True,1,False,5,False,False,True,False,False,False,False,True,False,False,False,False,False,False
NA1_4921249510,False,False,0,False,17,False,True,False,0,False,0,False,2,True,False,False,False,False,False,False,False,False,False,True,False,False,False
NA1_4921234581,True,True,1,False,29,False,True,True,3,True,1,False,11,False,False,True,False,False,False,False,False,False,False,False,False,True,False
NA1_4920557460,False,False,0,False,28,True,True,True,1,True,1,False,7,False,True,False,False,False,False,False,False,False,False,True,False,False,False
NA1_4920399542,False,False,0,False,21,False,False,False,0,False,0,True,3,True,False,False,False,False,False,False,False,True,False,False,False,False,False
NA1_4920375527,True,True,2,False,61,False,True,True,7,False,0,True,11,False,False,False,False,True,False,False,False,False,False,False,False,False,True
NA1_4920357118,True,True,1,False,44,False,False,True,2,False,0,False,9,False,False,False,True,False,False,False,True,False,False,False,False,False,False
NA1_4920347605,True,False,0,False,0,False,False,False,0,False,0,False,0,True,False,False,False,False,False,False,True,False,False,False,False,False,False
NA1_4920342136,True,False,0,True,31,False,False,True,2,False,0,True,10,False,False,True,False,False,False,False,False,False,False,True,False,False,False
NA1_4920329932,True,True,1,True,42,False,True,True,2,True,1,True,9,False,False,True,False,False,False,False,False,False,False,False,True,False,False
NA1_4920306583,True,False,0,True,26,False,True,False,0,False,0,True,4,False,False,True,False,False,False,False,False,False,False,False,True,False,False
NA1_4920298161,False,False,0,False,14,False,False,False,0,False,0,False,2,False,True,False,False,False,False,False,True,False,False,False,False,False,False
NA1_4919995118,True,True,1,False,33,False,True,True,3,False,0,True,9,False,False,False,True,False,False,False,False,False,False,True,False,False,False
NA1_4919929217,False,False,1,True,44,True,False,False,2,False,0,False,9,False,False,False,True,False,False,False,False,False,False,True,False,False,False
NA1_4941513576,False,False,0,False,24,False,False,False,0,False,0,False,1,False,True,False,False,False,False,False,True,False,False,False,False,False,False
NA1_4938559874,False,False,0,False,10,False,True,False,0,False,0,False,1,True,False,False,False,False,False,False,False,False,False,False,False,True,False
NA1_4938202180,False,True,1,True,36,False,True,False,0,False,0,False,1,False,True,False,False,False,False,False,False,False,False,True,False,False,False
NA1_4938182592,True,False,0,False,54,False,True,True,2,False,0,True,10,False,True,False,False,False,False,False,False,False,False,False,False,False,True
NA1_4938164487,True,True,1,False,53,False,True,True,1,False,0,True,9,False,False,True,False,False,False,False,False,False,False,True,False,False,False
NA1_4937508244,True,False,0,True,53,True,True,True,2,False,0,True,8,False,False,False,False,False,True,False,False,False,False,False,False,False,True
NA1_4937477861,False,False,0,True,31,False,False,False,0,False,0,False,3,True,False,False,False,False,False,False,False,False,False,False,True,False,False
NA1_4936459181,True,True,1,True,50,True,False,True,2,False,0,False,9,False,False,False,False,True,False,False,False,True,False,False,False,False,False
NA1_4935979672,False,False,0,False,22,False,False,False,0,False,0,False,2,False,True,False,False,False,False,False,False,False,True,False,False,False,False
NA1_4935958832,True,False,0,True,17,True,False,False,0,False,0,True,3,False,False,True,False,False,False,False,False,False,False,True,False,False,False
NA1_4935861059,False,False,0,True,17,False,True,False,0,False,0,True,2,False,True,False,False,False,False,False,False,False,False,False,False,False,True
NA1_4935835473,False,False,0,False,7,True,True,False,0,True,1,False,0,False,True,False,False,False,False,False,False,True,False,False,False,False,False
NA1_4935142025,True,False,1,False,47,True,False,True,2,True,1,False,9,False,False,False,False,True,False,False,True,False,False,False,False,False,False
NA1_4934931103,True,True,1,True,29,False,False,True,1,True,1,False,10,False,False,True,False,False,False,False,True,False,False,False,False,False,False
NA1_4934255923,False,False,0,False,2,False,False,False,0,False,0,False,0,True,False,False,False,False,False,False,True,False,False,False,False,False,False
NA1_4934223232,False,False,0,False,18,False,True,False,0,False,0,False,0,True,False,False,False,False,False,False,False,False,False,True,False,False,False
NA1_4934101644,True,True,1,False,31,False,True,True,2,True,1,True,10,False,False,True,False,False,False,False,False,False,False,False,True,False,False
NA1_4934083515,False,False,0,False,1,False,True,False,0,False,0,False,0,True,False,False,False,False,False,False,False,False,False,True,False,False,False
NA1_4933582279,True,True,1,True,33,True,False,True,1,False,0,True,9,False,False,True,False,False,False,False,False,False,False,True,False,False,False
NA1_4933543106,False,False,0,False,16,False,True,False,0,False,0,True,3,True,False,False,False,False,False,False,False,False,False,False,False,False,True
NA1_4933497290,False,True,2,True,44,False,True,False,0,False,0,False,6,False,True,False,False,False,False,False,False,False,False,True,False,False,False
NA1_4933402883,False,False,0,True,28,False,True,False,0,True,1,True,5,False,False,False,True,False,False,False,False,False,False,False,False,False,True
NA1_4933382224,True,False,0,True,19,True,False,False,0,True,1,True,3,False,False,True,False,False,False,False,False,False,False,False,False,True,False
NA1_4933067680,True,False,0,True,17,False,True,False,0,True,1,True,3,False,True,False,False,False,False,False,False,False,False,False,False,False,True
NA1_4932644632,False,False,0,True,65,False,False,False,0,False,0,False,1,True,False,False,False,False,False,False,True,False,False,False,False,False,False
NA1_4932600124,False,False,0,True,32,False,False,True,1,True,1,True,6,False,True,False,False,False,False,False,False,False,True,False,False,False,False
NA1_4932553028,False,False,0,True,19,True,False,False,0,True,1,False,2,False,True,False,False,False,False,False,True,False,False,False,False,False,False
NA1_4932521454,False,False,0,False,16,True,False,False,0,False,0,False,2,False,True,False,False,False,False,False,True,False,False,False,False,False,False
NA1_4932437794,True,True,2,True,32,True,True,True,4,False,0,False,11,False,False,False,True,False,False,False,False,False,False,True,False,False,False
NA1_4931820130,True,True,1,False,39,False,True,True,1,True,1,True,8,False,False,True,False,False,False,False,False,False,False,False,False,False,True
NA1_4931776055,False,False,0,True,22,False,True,False,0,True,1,True,2,True,False,False,False,False,False,False,False,False,False,False,True,False,False
NA1_4930564422,False,False,0,False,42,True,True,False,0,True,1,True,6,False,False,False,True,False,False,False,False,False,False,False,False,False,True
NA1_4930551121,True,False,0,False,28,False,False,True,1,False,0,True,4,True,False,False,False,False,False,False,True,False,False,False,False,False,False
NA1_4930543597,False,False,0,False,2,False,False,False,0,False,0,False,0,True,False,False,False,False,False,False,True,False,False,False,False,False,False
NA1_4929858514,False,False,0,False,31,False,False,False,0,False,0,False,3,False,True,False,False,False,False,False,False,False,False,False,True,False,False
NA1_4929190162,False,False,0,False,25,False,True,False,0,True,1,False,5,False,True,False,False,False,False,False,False,False,True,False,False,False,False
NA1_4929154540,True,False,0,True,25,True,False,False,0,False,0,True,3,False,False,True,False,False,False,False,False,False,False,True,False,False,False
NA1_4929119848,True,False,1,False,33,False,True,False,3,True,1,True,11,False,False,False,False,True,False,False,False,False,False,False,False,False,True
NA1_4927311765,True,True,1,True,34,True,False,True,1,True,1,True,11,False,False,False,True,False,False,False,True,False,False,False,False,False,False
NA1_4926425929,True,True,2,False,56,True,False,True,3,False,0,True,11,False,False,False,False,True,False,False,False,True,False,False,False,False,False
NA1_4926389302,True,False,0,True,29,True,True,True,1,False,0,True,4,False,False,True,False,False,False,False,False,False,False,False,False,True,False
NA1_4925309005,True,True,1,False,33,True,True,True,1,True,1,True,8,False,False,False,True,False,False,False,False,False,False,False,True,False,False
NA1_4925287801,False,False,0,True,1,False,False,False,0,False,0,False,0,True,False,False,False,False,False,False,True,False,False,False,False,False,False
NA1_4924200932,False,False,0,True,39,True,False,False,0,False,0,False,4,False,False,False,False,True,False,False,False,False,False,True,False,False,False
NA1_4924124323,False,False,0,False,38,False,True,True,1,False,0,False,7,False,False,True,False,False,False,False,False,False,False,True,False,False,False
NA1_4923920015,False,False,1,False,45,True,True,True,5,True,1,True,11,False,False,False,False,True,False,False,False,False,False,True,False,False,False
NA1_4923912171,False,False,0,False,0,False,False,False,0,False,0,False,0,True,False,False,False,False,False,False,True,False,False,False,False,False,False
NA1_4923894188,True,True,1,True,28,False,True,True,4,True,1,True,11,False,False,False,True,False,False,False,False,False,False,False,False,False,True
NA1_4923852520,True,True,1,True,43,True,False,True,1,True,1,False,9,False,False,False,True,False,False,False,True,False,False,False,False,False,False
NA1_4922408595,True,True,1,False,32,True,False,True,2,False,0,False,9,False,False,False,False,True,False,False,False,True,False,False,False,False,False
NA1_4944873630,False,False,0,False,9,False,False,False,0,False,0,False,0,True,False,False,False,False,False,False,True,False,False,False,False,False,False
NA1_4944834499,False,False,0,False,25,False,True,False,0,False,0,True,4,False,False,True,False,False,False,False,False,False,False,False,True,False,False
NA1_4944822904,True,False,0,True,22,True,True,False,0,False,0,True,3,False,False,True,False,False,False,False,False,False,False,False,False,True,False
NA1_4944794674,False,False,0,True,6,False,True,False,0,False,0,False,0,True,False,False,False,False,False,False,False,False,False,False,False,False,True
NA1_4944764564,True,False,1,False,30,True,False,True,3,False,0,True,11,False,False,False,False,True,False,False,True,False,False,False,False,False,False
NA1_4944746978,False,False,0,False,42,False,True,False,0,False,0,True,6,False,True,False,False,False,False,False,False,False,False,False,False,True,False
NA1_4944511812,True,False,0,True,31,False,True,True,2,True,1,True,10,False,False,True,False,False,False,False,False,False,False,False,False,False,True
NA1_4944499161,True,False,0,False,41,True,True,True,1,True,1,True,9,False,False,False,True,False,False,False,False,False,False,True,False,False,False
NA1_4944495024,False,False,0,False,15,False,False,False,0,True,1,False,1,True,False,False,False,False,False,False,True,False,False,False,False,False,False
NA1_4944479711,False,False,0,False,19,False,True,False,0,False,0,False,1,True,False,False,False,False,False,False,False,False,True,False,False,False,False
NA1_4944482804,False,False,0,True,17,False,True,False,0,False,0,False,2,True,False,False,False,False,False,False,False,True,False,False,False,False,False
NA1_4944463430,True,True,1,True,26,True,True,True,3,False,0,True,11,False,False,False,False,True,False,False,False,False,False,False,True,False,False
NA1_4944448707,False,False,0,True,5,False,False,False,0,False,0,False,1,True,False,False,False,False,False,False,True,False,False,False,False,False,False
NA1_4944419691,False,False,2,True,43,True,False,False,6,False,0,True,9,False,False,True,False,False,False,False,True,False,False,False,False,False,False
NA1_4944407474,False,False,0,True,8,False,True,False,0,False,0,False,0,False,True,False,False,False,False,False,False,True,False,False,False,False,False
NA1_4944387402,False,False,0,False,7,False,False,False,0,False,0,False,1,True,False,False,False,False,False,False,True,False,False,False,False,False,False
NA1_4944360552,True,True,2,False,29,False,True,True,2,False,0,True,11,False,True,False,False,False,False,False,False,False,False,False,True,False,False
NA1_4944263007,True,False,0,True,84,False,False,True,3,False,0,True,4,True,False,False,False,False,False,False,True,False,False,False,False,False,False
NA1_4944217487,True,False,0,True,57,False,True,True,5,False,0,False,11,False,True,False,False,False,False,False,False,False,False,False,False,False,True
NA1_4944087580,True,False,0,True,12,False,True,False,0,False,0,True,1,False,True,False,False,False,False,False,False,False,False,True,False,False,False
NA1_4944052770,True,True,1,True,49,True,False,True,3,False,0,False,11,False,False,False,False,True,False,False,True,False,False,False,False,False,False
NA1_4943562624,False,False,0,False,14,False,True,False,0,False,0,False,1,True,False,False,False,False,False,False,False,False,False,True,False,False,False
NA1_4943541020,False,False,0,True,27,True,False,True,1,True,1,True,7,False,False,True,False,False,False,False,True,False,False,False,False,False,False
NA1_4943516361,True,False,0,True,18,True,True,False,0,False,0,True,1,False,False,True,False,False,False,False,False,False,False,True,False,False,False
NA1_4943468574,True,True,1,False,17,True,True,True,3,True,1,True,11,False,False,False,False,False,True,False,False,False,False,True,False,False,False
NA1_4943430664,True,True,1,True,39,True,False,True,3,True,1,True,11,False,False,False,True,False,False,False,False,False,True,False,False,False,False
NA1_4943384135,True,True,1,True,57,True,True,False,3,True,1,False,10,False,False,False,False,False,True,False,False,False,True,False,False,False,False
NA1_4943276788,True,True,1,True,43,False,False,True,4,False,0,True,11,False,False,True,False,False,False,False,True,False,False,False,False,False,False
NA1_4943247338,False,False,0,False,25,False,False,False,0,False,0,False,3,False,True,False,False,False,False,False,True,False,False,False,False,False,False
NA1_4943109782,True,True,2,True,42,False,True,True,2,True,1,True,10,False,False,False,False,True,False,False,False,False,False,False,False,False,True
NA1_4943063695,False,False,0,False,36,False,True,False,0,True,1,True,3,False,True,False,False,False,False,False,False,False,False,False,False,False,True
NA1_4942535343,False,False,0,True,37,False,True,False,0,False,0,True,4,True,False,False,False,False,False,False,False,False,False,False,True,False,False
NA1_4942469026,True,True,1,False,27,False,True,False,0,True,1,True,6,False,True,False,False,False,False,False,False,False,False,False,False,False,True
NA1_4942439759,True,False,0,True,40,True,True,True,3,True,1,True,11,False,False,True,False,False,False,False,False,False,False,False,False,False,True
NA1_4942396525,False,False,0,True,30,True,False,False,0,False,0,False,3,False,False,False,True,False,False,False,False,False,True,False,False,False,False
NA1_4942354074,False,True,1,False,42,True,False,False,0,False,0,False,4,False,False,False,True,False,False,False,True,False,False,False,False,False,False
NA1_4942316990,True,True,1,False,26,False,True,True,3,True,1,True,11,False,False,False,True,False,False,False,False,False,False,True,False,False,False
NA1_4942288393,True,False,0,False,28,False,True,True,1,True,1,True,7,True,False,False,False,False,False,False,False,False,False,False,False,True,False
NA1_4941813070,True,True,1,True,48,False,True,True,1,False,0,False,7,False,False,False,True,False,False,False,False,False,False,False,False,False,True
NA1_4941767600,False,False,0,True,41,True,True,True,1,True,1,True,7,False,False,False,True,False,False,False,False,False,False,False,False,False,True
NA1_4941727717,True,True,1,True,49,False,True,True,2,True,1,True,10,False,False,False,False,True,False,False,False,False,False,False,False,False,True
NA1_4941691519,False,False,0,True,21,True,True,False,0,True,1,True,4,False,True,False,False,False,False,False,False,False,False,False,False,False,True
NA1_4941669260,True,False,0,False,23,True,False,False,0,False,0,True,4,False,False,True,False,False,False,False,True,False,False,False,False,False,False
NA1_4941638457,True,False,0,True,23,True,False,False,0,True,1,True,5,False,False,False,True,False,False,False,False,True,False,False,False,False,False
NA1_4941607567,False,False,0,True,14,True,False,False,0,False,0,False,1,False,False,True,False,False,False,False,True,False,False,False,False,False,False
NA1_4941577120,False,False,0,True,26,False,False,False,0,False,0,False,1,True,False,False,False,False,False,False,True,False,False,False,False,False,False
NA1_4941539571,True,True,1,False,27,False,False,False,0,False,0,True,6,False,False,False,True,False,False,False,False,False,False,True,False,False,False
NA1_4941509148,False,False,0,True,38,True,False,False,0,True,1,False,7,False,True,False,False,False,False,False,False,False,False,True,False,False,False
NA1_4940881123,True,True,1,True,23,True,False,True,2,True,1,True,8,False,False,True,False,False,False,False,False,False,False,True,False,False,False
NA1_4940772639,False,False,1,True,52,True,True,True,1,True,1,False,7,False,False,False,False,True,False,False,False,False,False,True,False,False,False
NA1_4943524381,True,False,0,False,35,False,False,True,1,False,0,True,9,True,False,False,False,False,False,False,False,True,False,False,False,False,False
NA1_4943516846,True,False,0,True,43,False,True,False,0,False,0,False,4,True,False,False,False,False,False,False,False,False,False,False,False,False,True
NA1_4943490667,False,False,0,True,42,False,True,False,0,False,0,False,2,False,False,False,True,False,False,False,False,False,False,False,False,False,True
NA1_4943476767,False,False,0,True,37,True,False,False,0,False,0,False,1,False,False,True,False,False,False,False,True,False,False,False,False,False,False
NA1_4943462753,True,False,0,True,39,True,True,True,1,False,0,True,8,False,True,False,False,False,False,False,False,False,False,False,False,True,False
NA1_4942265794,True,False,1,True,50,False,True,False,1,True,1,True,8,False,False,True,False,False,False,False,False,False,False,False,False,False,True
NA1_4942242133,True,False,0,True,21,False,True,True,2,False,0,True,10,False,False,True,False,False,False,False,False,False,False,False,False,False,True
NA1_4942094794,False,False,1,False,43,False,True,False,1,False,0,True,9,False,False,True,False,False,False,False,False,False,False,False,False,False,True
NA1_4941705777,True,False,1,False,55,False,False,True,1,False,0,False,9,False,False,False,True,False,False,False,False,False,True,False,False,False,False
NA1_4941672906,True,True,1,False,30,False,False,True,2,True,1,False,9,False,False,False,True,False,False,False,True,False,False,False,False,False,False
NA1_4941631861,True,True,2,True,53,True,False,True,2,True,1,True,11,False,False,False,False,True,False,False,False,False,False,True,False,False,False
NA1_4941241060,False,False,0,True,12,False,False,False,0,True,1,True,1,True,False,False,False,False,False,False,True,False,False,False,False,False,False
NA1_4941227458,True,False,0,True,33,True,True,True,1,True,1,True,5,False,True,False,False,False,False,False,False,False,False,False,False,False,True
NA1_4940530117,False,False,0,True,12,False,False,False,0,False,0,False,2,True,False,False,False,False,False,False,True,False,False,False,False,False,False
NA1_4940517739,True,True,1,False,38,True,True,True,2,True,1,True,10,False,False,False,True,False,False,False,False,False,False,False,False,False,True
NA1_4940111391,True,True,1,True,47,False,True,True,2,True,1,True,10,False,False,True,False,False,False,False,False,False,False,False,True,False,False
NA1_4940068336,False,False,0,False,41,False,False,False,0,False,0,False,2,False,False,True,False,False,False,False,False,False,True,False,False,False,False
NA1_4940033918,False,False,0,False,31,False,True,False,0,True,1,False,2,False,True,False,False,False,False,False,False,False,False,False,False,False,True
NA1_4939224912,True,True,1,False,37,False,False,True,4,False,0,True,11,False,False,True,False,False,False,False,True,False,False,False,False,False,False
NA1_4939201274,True,False,0,True,24,False,True,False,0,False,0,True,2,True,False,False,False,False,False,False,False,False,False,False,False,False,True
NA1_4939178869,True,False,0,False,24,True,True,True,2,True,1,True,7,False,False,False,True,False,False,False,False,False,False,False,False,False,True
NA1_4939156017,True,False,0,False,26,False,True,False,0,True,1,True,5,False,False,True,False,False,False,False,False,False,False,False,False,True,False
NA1_4938591225,False,False,0,True,33,True,True,False,0,False,0,False,3,False,False,False,True,False,False,False,False,True,False,False,False,False,False
NA1_4937793109,True,True,1,False,31,True,False,True,2,True,1,True,9,False,False,False,True,False,False,False,False,False,True,False,False,False,False
NA1_4937204122,False,False,0,False,24,True,False,False,0,False,0,False,2,False,False,False,True,False,False,False,True,False,False,False,False,False,False
NA1_4937199050,True,False,0,False,0,False,False,False,0,False,0,False,0,True,False,False,False,False,False,False,True,False,False,False,False,False,False
NA1_4934507898,False,False,0,True,30,False,False,True,1,False,0,True,6,True,False,False,False,False,False,False,False,False,False,True,False,False,False
NA1_4934467158,True,True,1,False,48,False,True,True,2,True,1,True,8,False,False,False,False,True,False,False,False,False,True,False,False,False,False
NA1_4934431216,False,False,0,False,23,False,False,False,0,False,0,False,3,True,False,False,False,False,False,False,False,True,False,False,False,False,False
NA1_4934320074,False,False,0,False,41,True,True,False,0,True,1,True,5,False,False,False,True,False,False,False,False,False,False,False,False,False,True
NA1_4934263425,False,False,0,True,22,True,True,False,0,False,0,True,3,False,False,True,False,False,False,False,False,False,False,False,False,True,False
NA1_4934225499,True,True,1,False,30,True,False,True,1,False,0,False,9,False,False,False,False,True,False,False,True,False,False,False,False,False,False
NA1_4933435531,True,False,0,True,55,False,False,True,3,False,0,True,11,False,True,False,False,False,False,False,False,False,True,False,False,False,False
NA1_4933421521,True,False,0,False,29,True,False,False,0,False,0,True,3,False,True,False,False,False,False,False,True,False,False,False,False,False,False
NA1_4933412316,False,False,0,False,14,False,True,False,0,False,0,False,0,True,False,False,False,False,False,False,False,False,True,False,False,False,False
NA1_4932657657,True,False,0,False,83,True,False,True,6,False,0,False,11,False,False,False,False,True,False,False,True,False,False,False,False,False,False
NA1_4932534371,False,False,0,False,43,False,True,False,1,False,0,False,7,True,False,False,False,False,False,False,False,False,False,True,False,False,False
NA1_4932506259,False,False,0,True,51,True,False,False,0,False,0,True,2,False,True,False,False,False,False,False,True,False,False,False,False,False,False
NA1_4932488411,True,False,0,False,42,True,False,True,2,False,0,False,9,False,False,True,False,False,False,False,False,False,False,True,False,False,False
NA1_4932337001,True,True,1,True,55,False,True,True,3,False,0,False,11,False,False,False,True,False,False,False,False,False,False,True,False,False,False
NA1_4932311626,False,False,0,True,44,False,False,False,0,False,0,True,6,False,False,True,False,False,False,False,True,False,False,False,False,False,False
NA1_4932304835,True,True,1,True,21,True,True,True,3,False,0,False,11,False,False,True,False,False,False,False,False,False,False,False,False,False,True
NA1_4932258521,False,False,0,False,31,False,False,False,1,False,0,True,4,False,True,False,False,False,False,False,True,False,False,False,False,False,False
NA1_4932250149,True,False,0,True,38,True,True,False,0,False,0,False,6,False,False,True,False,False,False,False,False,False,False,True,False,False,False
NA1_4932185343,True,False,0,False,60,True,True,True,3,False,0,True,11,False,False,False,True,False,False,False,False,False,False,False,False,False,True
NA1_4932175292,False,False,0,True,33,True,False,False,0,False,0,True,6,False,False,True,False,False,False,False,True,False,False,False,False,False,False
NA1_4932162724,True,True,1,False,45,True,False,True,3,False,0,False,11,False,False,False,True,False,False,False,True,False,False,False,False,False,False
NA1_4932157134,True,False,0,False,36,True,True,True,2,False,0,True,9,False,False,False,False,True,False,False,False,False,False,True,False,False,False
NA1_4931866545,False,False,0,True,40,False,False,False,0,False,0,False,1,True,False,False,False,False,False,False,True,False,False,False,False,False,False
NA1_4931451784,True,False,1,False,49,True,True,True,2,False,0,False,9,False,False,False,False,False,True,False,False,False,False,False,False,False,True
NA1_4944988596,False,False,0,False,42,True,True,False,0,True,1,True,4,False,False,False,False,True,False,False,False,False,True,False,False,False,False
NA1_4944920295,True,False,0,True,34,False,True,True,2,True,1,True,10,False,False,True,False,False,False,False,False,False,False,False,False,False,True
NA1_4944867323,False,False,0,True,26,False,True,False,0,True,1,False,3,False,True,False,False,False,False,False,False,False,False,False,False,True,False
NA1_4944840051,False,False,0,True,21,True,True,False,0,True,1,True,3,False,False,True,False,False,False,False,False,False,False,True,False,False,False
NA1_4944380260,False,False,0,False,20,True,False,False,0,True,1,False,3,False,False,True,False,False,False,False,True,False,False,False,False,False,False
NA1_4944208837,True,False,0,True,82,False,False,True,2,False,0,False,4,True,False,False,False,False,False,False,True,False,False,False,False,False,False
NA1_4944170986,True,True,1,True,46,True,False,True,3,True,1,True,9,False,False,False,False,False,True,False,True,False,False,False,False,False,False
NA1_4944078987,True,True,2,True,36,False,True,True,3,False,0,True,11,False,False,True,False,False,False,False,False,False,False,False,False,True,False
NA1_4944000634,True,True,1,False,35,False,True,True,1,True,1,True,8,False,False,True,False,False,False,False,False,False,False,False,True,False,False
NA1_4942571007,False,False,0,False,16,False,True,False,0,False,0,False,1,True,False,False,False,False,False,False,False,False,False,True,False,False,False
NA1_4942541365,False,False,0,False,8,True,False,False,0,False,0,False,0,False,True,False,False,False,False,False,True,False,False,False,False,False,False
NA1_4942500272,True,False,1,True,49,False,True,True,5,True,1,True,11,False,False,False,True,False,False,False,False,False,False,False,False,False,True
NA1_4942449964,False,False,0,False,26,True,True,False,0,False,0,True,2,False,False,False,True,False,False,False,False,False,False,False,True,False,False
NA1_4942311299,False,False,0,True,24,True,False,False,0,False,0,True,4,False,True,False,False,False,False,False,False,False,False,True,False,False,False
NA1_4942158370,False,False,0,False,16,False,False,False,0,True,1,True,4,True,False,False,False,False,False,False,False,False,False,True,False,False,False
NA1_4942140975,False,False,0,False,23,False,True,False,0,False,0,False,2,True,False,False,False,False,False,False,False,False,False,False,True,False,False
NA1_4941846826,True,False,0,True,31,True,True,False,1,False,0,True,8,False,False,False,False,True,False,False,False,False,False,True,False,False,False
NA1_4941828673,False,False,0,False,11,False,False,False,0,False,0,False,1,True,False,False,False,False,False,False,True,False,False,False,False,False,False
NA1_4941824864,False,False,0,True,19,False,True,False,0,False,0,False,1,True,False,False,False,False,False,False,False,False,False,True,False,False,False
NA1_4941799604,False,True,1,False,46,False,False,False,1,False,0,True,5,False,False,False,True,False,False,False,True,False,False,False,False,False,False
NA1_4941784391,False,False,0,True,45,False,False,False,0,False,0,False,0,True,False,False,False,False,False,False,True,False,False,False,False,False,False
NA1_4941755428,False,False,0,True,52,False,False,True,2,False,0,True,2,True,False,False,False,False,False,False,True,False,False,False,False,False,False
NA1_4941571410,True,True,1,True,32,False,True,True,1,True,1,True,11,False,False,True,False,False,False,False,False,False,False,False,False,False,True
NA1_4941302147,False,False,0,False,25,True,False,False,0,True,1,False,3,False,True,False,False,False,False,False,False,False,False,True,False,False,False
NA1_4941288257,False,False,0,False,5,False,False,False,0,False,0,False,0,True,False,False,False,False,False,False,True,False,False,False,False,False,False
NA1_4941269368,False,False,0,True,20,True,True,False,0,True,1,True,3,False,True,False,False,False,False,False,False,False,False,False,False,True,False
NA1_4941256882,True,False,0,True,20,False,True,False,0,False,0,True,1,True,False,False,False,False,False,False,False,False,False,False,True,False,False
NA1_4941240356,False,True,1,True,31,False,False,False,0,False,0,False,2,True,False,False,False,False,False,False,True,False,False,False,False,False,False
NA1_4941239035,True,False,0,False,0,False,False,False,0,False,0,False,0,True,False,False,False,False,False,False,True,False,False,False,False,False,False
NA1_4941211942,False,False,0,False,18,False,False,False,0,False,0,False,0,False,True,False,False,False,False,False,True,False,False,False,False,False,False
NA1_4941196181,True,True,1,False,39,True,True,True,1,False,0,True,8,False,False,False,False,True,False,False,False,False,False,False,False,True,False
NA1_4941152819,True,False,0,True,34,True,True,True,1,False,0,True,7,False,False,True,False,False,False,False,False,False,False,False,False,False,True
NA1_4941128443,False,False,0,False,34,False,False,True,1,True,1,True,7,False,False,False,True,False,False,False,False,True,False,False,False,False,False
NA1_4941122744,True,True,1,True,29,False,True,True,2,True,1,True,11,False,True,False,False,False,False,False,False,False,False,False,False,False,True
NA1_4941102447,True,True,1,True,39,False,True,True,1,True,1,True,8,False,True,False,False,False,False,False,False,False,False,False,False,False,True
NA1_4941077885,False,False,0,True,26,True,False,False,0,True,1,True,5,False,False,True,False,False,False,False,False,True,False,False,False,False,False
NA1_4941049144,True,True,1,True,41,False,True,True,3,True,1,False,11,False,False,False,True,False,False,False,False,False,False,False,False,True,False
NA1_4941024784,True,True,1,True,39,True,False,True,1,True,1,True,9,False,False,False,True,False,False,False,False,False,True,False,False,False,False
NA1_4940999321,True,False,0,True,39,False,False,True,2,False,0,True,10,False,True,False,False,False,False,False,False,False,False,True,False,False,False
NA1_4940950590,True,True,1,True,35,True,False,True,1,True,1,False,9,False,False,False,True,False,False,False,False,True,False,False,False,False,False
NA1_4940923377,False,False,0,True,11,True,False,False,0,True,1,False,2,False,True,False,False,False,False,False,True,False,False,False,False,False,False
NA1_4940887082,False,False,0,True,18,False,True,False,0,False,0,False,0,True,False,False,False,False,False,False,False,False,False,False,True,False,False
NA1_4940841341,True,False,0,True,26,False,True,False,0,True,1,True,3,False,True,False,False,False,False,False,False,False,False,False,False,False,True
NA1_4940811150,False,False,0,False,16,False,True,False,0,False,0,False,0,True,False,False,False,False,False,False,False,False,False,False,False,True,False
NA1_4940746853,False,False,0,False,16,False,False,False,0,True,1,True,3,True,False,False,False,False,False,False,False,False,True,False,False,False,False
NA1_4940713337,False,False,0,True,37,False,True,False,0,False,0,True,7,False,False,False,True,False,False,False,False,False,False,False,False,False,True
NA1_4940682420,True,True,1,True,37,False,False,True,1,False,0,True,5,False,True,False,False,False,False,False,True,False,False,False,False,False,False
NA1_4940664222,True,False,0,True,21,True,False,False,0,False,0,True,5,False,False,False,False,True,False,False,False,True,False,False,False,False,False
NA1_4940263504,False,False,0,True,26,False,True,False,0,False,0,True,4,True,False,False,False,False,False,False,False,False,False,True,False,False,False
NA1_4940241178,False,False,0,True,9,False,True,False,0,True,1,False,3,True,False,False,False,False,False,False,False,False,False,True,False,False,False
NA1_4928129880,True,False,1,False,41,False,True,True,2,False,0,False,10,False,False,False,False,True,False,False,False,False,False,True,False,False,False
NA1_4928079842,True,False,0,True,22,True,False,False,0,True,1,True,2,False,False,True,False,False,False,False,False,False,True,False,False,False,False
NA1_4927351530,False,False,0,True,22,True,False,False,0,True,1,False,0,False,False,False,True,False,False,False,False,False,False,False,True,False,False
NA1_4927162605,False,False,0,True,23,True,True,False,0,False,0,False,3,False,False,True,False,False,False,False,False,False,False,False,False,True,False
NA1_4927041761,False,False,0,False,12,True,False,False,0,True,1,False,2,False,True,False,False,False,False,False,False,False,False,True,False,False,False
NA1_4926311622,True,True,2,False,50,True,True,True,2,True,1,True,9,False,False,False,False,True,False,False,False,False,False,False,False,False,True
NA1_4926010154,False,True,1,False,33,True,True,False,0,False,0,True,5,False,True,False,False,False,False,False,False,False,True,False,False,False,False
NA1_4925179322,True,False,0,False,25,True,True,True,1,False,0,True,8,False,False,True,False,False,False,False,False,False,False,False,False,False,True
NA1_4925036163,True,False,0,True,20,True,False,False,0,True,1,True,5,False,False,True,False,False,False,False,False,False,False,True,False,False,False
NA1_4925004633,False,False,0,False,33,False,False,False,0,False,0,True,3,False,False,True,False,False,False,False,False,True,False,False,False,False,False
NA1_4924312864,False,False,0,True,18,False,True,False,0,False,0,True,1,True,False,False,False,False,False,False,False,False,True,False,False,False,False
NA1_4924217976,True,True,1,False,35,False,False,True,1,True,1,False,8,False,False,True,False,False,False,False,False,False,False,True,False,False,False
NA1_4923980637,True,True,1,True,23,False,True,True,2,False,0,False,10,False,True,False,False,False,False,False,False,False,False,False,False,True,False
NA1_4923916334,True,True,1,False,39,True,True,True,1,True,1,False,8,False,False,False,True,False,False,False,False,False,False,False,False,False,True
NA1_4923183425,True,True,1,True,46,False,True,True,3,True,1,False,9,False,False,False,True,False,False,False,False,False,False,False,False,True,False
NA1_4923122956,False,False,0,False,30,True,True,False,0,True,1,True,6,False,True,False,False,False,False,False,False,False,False,False,False,False,True
NA1_4923092217,False,False,0,True,18,False,False,False,0,True,1,False,4,True,False,False,False,False,False,False,False,False,False,False,False,True,False
NA1_4923016483,False,False,0,True,16,False,False,False,0,False,0,False,0,True,False,False,False,False,False,False,False,False,True,False,False,False,False
NA1_4922386649,True,True,1,True,46,False,False,True,1,True,1,True,9,False,False,True,False,False,False,False,False,False,True,False,False,False,False
NA1_4922360824,False,False,0,False,29,True,False,False,0,True,1,True,5,False,False,True,False,False,False,False,False,False,False,False,False,True,False
NA1_4922250404,False,False,0,True,26,False,False,False,0,False,0,False,6,False,True,False,False,False,False,False,False,False,False,True,False,False,False
NA1_4921690543,False,False,0,True,47,False,True,False,0,True,1,True,6,False,False,False,False,True,False,False,False,False,False,False,False,False,True
NA1_4920726319,False,True,1,True,36,False,True,True,1,False,0,False,7,False,True,False,False,False,False,False,False,False,False,False,False,False,True
NA1_4920560589,True,False,0,False,25,False,True,True,2,True,1,True,8,False,False,True,False,False,False,False,False,False,False,False,False,True,False
NA1_4919839593,False,False,0,False,39,False,False,False,0,True,1,False,2,False,True,False,False,False,False,False,True,False,False,False,False,False,False
NA1_4919785453,False,False,1,True,33,False,False,False,0,False,0,True,5,False,False,False,True,False,False,False,False,True,False,False,False,False,False
NA1_4919564930,False,False,0,False,32,False,True,False,0,False,0,False,1,True,False,False,False,False,False,False,False,False,False,True,False,False,False
NA1_4918795957,False,True,1,True,41,False,False,False,0,False,0,True,4,False,False,False,False,True,False,False,False,False,False,False,True,False,False
NA1_4918608990,False,False,0,True,13,False,False,False,0,False,0,False,2,True,False,False,False,False,False,False,False,False,False,True,False,False,False
NA1_4917664709,True,False,0,True,25,True,True,True,1,True,1,True,8,False,False,True,False,False,False,False,False,False,False,False,False,False,True
NA1_4917328083,True,True,1,False,39,False,True,True,1,False,0,True,10,False,False,False,True,False,False,False,False,False,False,False,False,True,False
NA1_4917196170,False,False,1,True,36,False,True,True,3,True,1,False,10,False,False,True,False,False,False,False,False,False,False,False,False,False,True
NA1_4916584476,True,True,1,True,53,True,True,True,3,True,1,True,11,False,False,False,True,False,False,False,False,False,False,False,True,False,False
NA1_4916417332,False,False,0,False,21,True,False,False,0,True,1,False,3,False,False,True,False,False,False,False,False,False,True,False,False,False,False
NA1_4916268484,False,False,0,True,16,False,True,False,0,False,0,True,2,True,False,False,False,False,False,False,False,False,False,False,True,False,False
NA1_4915318409,True,True,1,False,41,False,True,True,1,True,1,False,8,False,False,True,False,False,False,False,False,False,False,False,False,False,True
NA1_4914575290,True,True,2,False,39,True,False,True,3,True,1,True,9,False,False,False,False,False,True,False,True,False,False,False,False,False,False
NA1_4914435769,False,False,0,False,23,False,True,True,2,False,0,True,9,True,False,False,False,False,False,False,False,False,False,False,False,False,True
NA1_4914347994,True,True,1,True,29,True,True,True,1,False,0,True,10,False,False,True,False,False,False,False,False,False,False,False,False,False,True
NA1_4914193769,True,True,1,False,35,False,True,True,1,True,1,True,8,False,False,True,False,False,False,False,False,False,False,False,False,False,True
NA1_4913572234,False,False,0,True,20,False,True,False,0,False,0,True,1,True,False,False,False,False,False,False,False,False,False,False,True,False,False
NA1_4913523547,False,False,0,False,4,False,False,False,0,False,0,False,0,True,False,False,False,False,False,False,True,False,False,False,False,False,False
NA1_4913330796,False,False,0,False,45,False,True,False,0,True,1,True,3,False,True,False,False,False,False,False,False,False,False,False,False,False,True
NA1_4912796236,False,False,0,False,33,True,False,False,0,False,0,False,6,False,False,False,True,False,False,False,False,True,False,False,False,False,False
NA1_4912714921,True,True,1,False,36,True,True,True,1,True,1,True,5,False,False,True,False,False,False,False,False,False,False,False,False,False,True
NA1_4912322270,False,False,0,True,38,False,True,False,0,True,1,True,5,False,False,False,True,False,False,False,False,False,False,False,False,False,True
NA1_4911658543,True,True,1,True,42,False,False,True,2,True,1,True,11,False,False,True,False,False,False,False,True,False,False,False,False,False,False
NA1_4911355087,False,False,0,False,2,False,False,False,0,False,0,False,0,True,False,False,False,False,False,False,True,False,False,False,False,False,False
NA1_4911290962,True,True,1,False,29,False,False,True,3,True,1,True,11,False,False,True,False,False,False,False,False,False,False,False,False,True,False
NA1_4910342299,True,True,1,False,28,True,True,True,1,True,1,True,9,False,False,False,True,False,False,False,False,False,False,False,True,False,False
NA1_4942262635,False,False,0,False,8,False,True,False,0,False,0,False,1,True,False,False,False,False,False,False,False,True,False,False,False,False,False
NA1_4942243554,True,False,0,True,26,False,False,True,2,True,1,True,8,False,True,False,False,False,False,False,False,False,False,False,True,False,False
NA1_4942217525,False,False,0,False,23,True,False,False,0,False,0,False,4,False,False,True,False,False,False,False,False,False,True,False,False,False,False
NA1_4942193602,False,False,0,True,30,True,True,False,0,False,0,True,3,False,False,True,False,False,False,False,False,False,False,False,False,True,False
NA1_4942160464,True,False,1,True,51,False,False,False,2,False,0,False,8,False,False,True,False,False,False,False,False,False,True,False,False,False,False
NA1_4942133617,False,False,0,False,27,True,True,False,0,True,1,True,5,False,False,True,False,False,False,False,False,True,False,False,False,False,False
NA1_4942120898,True,True,1,True,42,True,True,True,1,False,0,False,9,False,False,True,False,False,False,False,False,True,False,False,False,False,False
NA1_4941947807,False,True,3,False,54,True,True,True,4,True,1,True,9,False,False,False,False,True,False,False,False,False,True,False,False,False,False
NA1_4941936150,True,True,2,True,48,False,True,True,3,False,0,True,10,False,False,False,False,True,False,False,False,False,False,False,False,False,True
NA1_4941927166,False,False,0,True,18,False,True,False,0,True,1,True,4,True,False,False,False,False,False,False,False,False,False,False,False,True,False
NA1_4941923008,True,True,1,True,42,True,False,True,3,True,1,True,11,False,False,False,False,True,False,False,False,False,True,False,False,False,False
NA1_4941912205,False,False,0,True,12,False,False,False,0,False,0,False,1,True,False,False,False,False,False,False,False,False,True,False,False,False,False
NA1_4941899996,False,False,0,False,20,False,True,False,0,True,1,True,5,False,True,False,False,False,False,False,False,False,False,False,False,False,True
NA1_4941889872,False,False,0,False,10,False,True,False,0,False,0,False,0,True,False,False,False,False,False,False,False,False,False,False,False,False,True
NA1_4941872328,True,False,0,True,28,False,False,False,0,True,1,True,5,False,False,True,False,False,False,False,False,False,False,True,False,False,False
NA1_4941851952,False,False,0,False,17,False,False,False,0,True,1,False,3,True,False,False,False,False,False,False,False,False,False,True,False,False,False
NA1_4941824185,False,False,0,True,33,False,True,False,0,False,0,False,4,False,True,False,False,False,False,False,False,False,False,False,False,True,False
NA1_4941795799,False,False,0,True,43,False,False,False,0,False,0,False,1,False,True,False,False,False,False,False,True,False,False,False,False,False,False
NA1_4941751771,False,False,0,False,32,False,False,False,0,False,0,True,3,False,False,True,False,False,False,False,False,True,False,False,False,False,False
NA1_4941710250,True,True,1,True,44,True,True,True,3,True,1,False,11,False,False,False,False,True,False,False,False,False,False,False,False,False,True
NA1_4941662934,False,False,0,False,31,True,True,False,0,True,1,True,4,False,True,False,False,False,False,False,False,False,False,False,False,False,True
NA1_4941621730,True,False,0,True,31,True,False,True,1,True,1,False,6,False,False,False,True,False,False,False,False,False,False,True,False,False,False
NA1_4941590713,True,True,1,True,41,True,False,True,2,True,1,True,10,False,False,True,False,False,False,False,False,False,False,False,False,True,False
NA1_4941507648,False,True,1,False,22,False,False,False,0,True,1,False,2,True,False,False,False,False,False,False,False,True,False,False,False,False,False
NA1_4941423415,False,True,2,False,36,False,True,True,3,True,1,True,9,False,True,False,False,False,False,False,False,False,False,False,True,False,False
NA1_4941402768,False,False,0,True,29,True,True,False,0,True,1,False,5,False,False,False,True,False,False,False,False,False,False,False,False,False,True
NA1_4941370704,True,True,2,False,28,False,True,True,2,True,1,True,10,False,False,True,False,False,False,False,False,False,False,False,False,True,False
NA1_4941350244,True,False,1,True,27,False,True,True,2,True,1,True,9,False,False,False,True,False,False,False,False,False,False,False,False,True,False
NA1_4941334221,True,True,1,True,36,False,True,True,2,True,1,False,11,False,False,True,False,False,False,False,False,False,False,False,False,False,True
NA1_4941317775,True,False,0,True,45,True,True,True,5,False,0,True,11,False,False,False,True,False,False,False,False,False,False,False,False,True,False
NA1_4941298640,True,False,0,True,20,True,True,True,1,True,1,True,9,False,True,False,False,False,False,False,False,False,False,True,False,False,False
NA1_4941283504,False,True,1,False,27,False,True,False,0,False,0,False,5,False,False,True,False,False,False,False,False,False,False,False,True,False,False
NA1_4941089969,False,False,0,False,8,False,False,False,0,False,0,False,1,True,False,False,False,False,False,False,False,False,False,False,False,True,False
NA1_4941068008,False,False,0,True,27,False,False,False,0,False,0,False,1,True,False,False,False,False,False,False,False,False,True,False,False,False,False
NA1_4941047992,False,False,0,False,18,False,False,False,0,False,0,False,3,True,False,False,False,False,False,False,False,True,False,False,False,False,False
NA1_4941018200,False,False,0,False,20,False,False,False,0,False,0,False,2,True,False,False,False,False,False,False,True,False,False,False,False,False,False
NA1_4941006480,True,False,0,False,0,False,False,False,0,False,0,False,0,True,False,False,False,False,False,False,True,False,False,False,False,False,False
NA1_4941007810,True,False,0,False,0,False,False,False,0,False,0,False,0,True,False,False,False,False,False,False,True,False,False,False,False,False,False
NA1_4940996157,False,False,0,False,0,False,False,False,0,False,0,False,0,True,False,False,False,False,False,False,True,False,False,False,False,False,False
NA1_4940990469,False,False,0,True,2,False,False,False,0,False,0,False,0,True,False,False,False,False,False,False,True,False,False,False,False,False,False
NA1_4940990041,True,False,0,False,0,False,False,False,0,False,0,False,0,True,False,False,False,False,False,False,True,False,False,False,False,False,False
NA1_4940725302,False,False,0,False,4,False,True,False,0,False,0,False,0,True,False,False,False,False,False,False,False,True,False,False,False,False,False
NA1_4940711074,True,False,0,True,23,False,True,False,0,False,0,True,2,True,False,False,False,False,False,False,False,False,False,False,False,False,True
NA1_4940677117,True,True,2,True,38,False,False,True,2,True,1,True,10,False,False,False,False,True,False,False,False,True,False,False,False,False,False
NA1_4940655743,True,True,1,True,37,True,True,True,2,True,1,True,11,False,False,False,False,True,False,False,False,False,True,False,False,False,False
NA1_4940621612,True,False,1,False,36,False,False,True,2,False,0,False,11,False,False,True,False,False,False,False,False,True,False,False,False,False,False
NA1_4940588378,True,False,0,False,26,False,True,True,1,True,1,False,7,False,False,True,False,False,False,False,False,False,False,False,False,False,True
NA1_4940567810,False,False,0,False,29,False,False,False,0,False,0,False,2,False,False,True,False,False,False,False,True,False,False,False,False,False,False
NA1_4940510768,False,False,0,False,0,False,False,False,0,False,0,False,0,True,False,False,False,False,False,False,True,False,False,False,False,False,False
NA1_4940485462,False,False,0,True,16,False,True,False,0,False,0,False,2,True,False,False,False,False,False,False,False,False,True,False,False,False,False
NA1_4943049852,False,False,0,False,21,True,False,False,0,True,1,False,2,False,False,True,False,False,False,False,False,False,False,True,False,False,False
NA1_4943002211,False,False,0,True,25,True,True,False,0,True,1,False,2,False,False,True,False,False,False,False,False,False,False,True,False,False,False
NA1_4941604200,False,False,0,False,79,False,False,False,0,False,0,False,0,True,False,False,False,False,False,False,True,False,False,False,False,False,False
NA1_4941580545,False,False,0,False,42,False,False,False,0,False,0,True,1,True,False,False,False,False,False,False,True,False,False,False,False,False,False
NA1_4941434727,True,False,0,True,24,True,True,False,0,True,1,True,3,False,False,True,False,False,False,False,False,True,False,False,False,False,False
NA1_4941008723,True,True,1,False,32,True,False,True,3,False,0,True,11,False,False,False,True,False,False,False,True,False,False,False,False,False,False
NA1_4940981304,False,True,1,True,26,False,True,False,0,False,0,False,3,True,False,False,False,False,False,False,False,False,False,True,False,False,False
NA1_4940950544,False,False,0,False,22,False,False,False,0,False,0,False,1,True,False,False,False,False,False,False,True,False,False,False,False,False,False
NA1_4940836810,False,False,0,False,18,False,False,False,0,False,0,False,1,False,True,False,False,False,False,False,True,False,False,False,False,False,False
NA1_4940687284,False,False,0,False,60,False,False,False,1,False,0,False,4,True,False,False,False,False,False,False,True,False,False,False,False,False,False
NA1_4940668538,True,False,0,True,71,False,False,True,1,False,0,False,4,True,False,False,False,False,False,False,True,False,False,False,False,False,False
NA1_4940663739,True,False,0,True,51,False,False,True,1,False,0,True,4,True,False,False,False,False,False,False,True,False,False,False,False,False,False
NA1_4940116098,True,False,0,False,49,False,False,False,0,False,0,True,1,True,False,False,False,False,False,False,True,False,False,False,False,False,False
NA1_4938399867,True,False,0,False,44,False,False,False,0,False,0,False,1,True,False,False,False,False,False,False,True,False,False,False,False,False,False
NA1_4936979884,False,False,0,True,73,False,False,False,1,False,0,False,2,True,False,False,False,False,False,False,True,False,False,False,False,False,False
NA1_4936960512,False,False,0,False,76,False,False,False,1,False,0,True,3,True,False,False,False,False,False,False,True,False,False,False,False,False,False
NA1_4936952926,False,False,0,False,61,False,False,False,0,False,0,False,1,True,False,False,False,False,False,False,True,False,False,False,False,False,False
NA1_4936931696,True,False,0,True,60,False,False,True,1,False,0,False,4,True,False,False,False,False,False,False,True,False,False,False,False,False,False
NA1_4936910430,True,True,1,False,24,True,False,True,3,True,1,True,11,False,False,False,False,True,False,False,False,False,False,True,False,False,False
NA1_4936884189,False,False,0,False,9,False,True,False,0,True,1,False,1,True,False,False,False,False,False,False,False,False,False,True,False,False,False
NA1_4936856435,True,True,1,False,26,True,False,False,0,True,1,False,5,False,False,False,False,True,False,False,True,False,False,False,False,False,False
NA1_4936749583,False,False,0,True,38,False,False,False,0,False,0,False,0,True,False,False,False,False,False,False,True,False,False,False,False,False,False
NA1_4936487067,False,False,0,False,18,False,True,False,0,True,1,True,3,False,True,False,False,False,False,False,False,False,False,False,False,True,False
NA1_4936470801,False,False,0,False,13,False,True,False,0,True,1,True,1,True,False,False,False,False,False,False,False,False,False,True,False,False,False
NA1_4936294749,True,True,1,True,39,False,False,True,2,True,1,True,9,False,False,True,False,False,False,False,False,False,False,False,True,False,False
NA1_4935793470,False,False,0,False,4,False,False,False,0,False,0,False,2,True,False,False,False,False,False,False,True,False,False,False,False,False,False
NA1_4935750126,True,False,0,False,39,False,True,True,2,False,0,True,9,False,False,False,True,False,False,False,False,False,False,False,False,True,False
NA1_4935717697,False,False,0,True,10,False,False,False,0,False,0,False,2,True,False,False,False,False,False,False,True,False,False,False,False,False,False
NA1_4935685597,True,False,1,True,49,False,True,True,1,True,1,True,7,False,False,False,True,False,False,False,False,False,False,True,False,False,False
NA1_4935671837,False,False,0,False,7,False,True,False,0,False,0,False,0,True,False,False,False,False,False,False,False,False,False,False,False,True,False
NA1_4935651093,False,False,0,False,12,False,False,False,0,False,0,False,1,True,False,False,False,False,False,False,True,False,False,False,False,False,False
NA1_4935611973,True,True,1,True,26,True,False,True,1,True,1,True,8,False,False,False,False,True,False,False,False,False,False,True,False,False,False
NA1_4935587186,False,False,0,False,12,False,False,False,0,False,0,False,1,False,True,False,False,False,False,False,False,True,False,False,False,False,False
NA1_4935556665,True,True,2,True,49,False,True,True,5,False,0,True,11,False,False,False,False,False,True,False,False,False,False,True,False,False,False
NA1_4935477277,False,False,0,False,7,False,True,False,0,False,0,False,0,True,False,False,False,False,False,False,False,True,False,False,False,False,False
NA1_4935465252,False,False,0,False,17,False,False,False,0,False,0,True,3,True,False,False,False,False,False,False,True,False,False,False,False,False,False
NA1_4935171651,True,False,0,False,32,True,False,True,2,True,1,True,9,False,False,True,False,False,False,False,False,False,False,False,False,True,False
NA1_4935147814,False,False,0,False,15,False,False,False,0,True,1,False,0,False,True,False,False,False,False,False,True,False,False,False,False,False,False
NA1_4935102169,True,False,1,True,39,True,False,True,1,False,0,True,9,False,False,False,False,True,False,False,False,False,False,True,False,False,False
NA1_4934886365,True,True,2,True,38,False,True,True,4,True,1,True,11,False,False,False,True,False,False,False,False,False,False,False,False,False,True
NA1_4934869484,False,False,0,False,12,False,False,False,0,False,0,False,0,True,False,False,False,False,False,False,True,False,False,False,False,False,False
NA1_4934473125,False,False,0,True,31,True,True,False,0,True,1,True,4,False,True,False,False,False,False,False,False,False,False,False,False,False,True
NA1_4934436202,False,False,0,False,20,False,True,False,0,False,0,False,0,True,False,False,False,False,False,False,False,False,False,False,False,True,False
NA1_4934398584,False,True,1,True,34,False,False,False,0,True,1,True,5,False,True,False,False,False,False,False,False,False,False,True,False,False,False
NA1_4934349998,True,True,1,True,48,True,True,True,1,True,1,True,7,False,False,False,False,True,False,False,False,False,False,False,False,True,False
NA1_4934299559,True,True,1,False,30,True,False,True,1,True,1,False,8,False,False,False,True,False,False,False,True,False,False,False,False,False,False
NA1_4934292753,True,False,0,False,0,False,False,False,0,False,0,False,0,True,False,False,False,False,False,False,True,False,False,False,False,False,False
NA1_4934245871,True,True,3,True,30,False,True,True,2,True,1,True,10,False,False,True,False,False,False,False,False,False,False,False,False,True,False
NA1_4934211307,False,False,0,False,14,False,False,False,0,False,0,True,2,True,False,False,False,False,False,False,True,False,False,False,False,False,False
NA1_4934191523,True,False,0,True,12,False,False,False,0,True,1,False,0,False,True,False,False,False,False,False,False,False,True,False,False,False,False
NA1_4945184142,True,False,1,True,29,True,False,True,1,True,1,True,10,False,False,False,False,True,False,False,True,False,False,False,False,False,False
NA1_4945153270,False,True,1,False,31,False,False,True,1,False,0,False,6,False,False,True,False,False,False,False,True,False,False,False,False,False,False
NA1_4945128748,False,False,0,True,22,False,False,False,0,True,1,False,1,True,False,False,False,False,False,False,True,False,False,False,False,False,False
NA1_4944757070,False,False,0,True,41,True,True,True,2,True,1,True,9,False,False,True,False,False,False,False,False,False,True,False,False,False,False
NA1_4944707669,False,False,0,True,15,True,True,True,1,True,1,True,7,False,True,False,False,False,False,False,False,False,False,False,False,False,True
NA1_4944691577,True,True,1,True,24,True,False,True,3,True,1,True,11,False,False,False,True,False,False,False,True,False,False,False,False,False,False
NA1_4944683155,False,False,0,True,11,False,False,False,0,False,0,False,1,True,False,False,False,False,False,False,False,False,False,True,False,False,False
NA1_4944652710,True,True,1,False,33,True,True,True,1,True,1,False,9,False,False,False,True,False,False,False,False,False,False,False,False,True,False
NA1_4943928767,False,True,1,False,30,False,True,False,0,True,1,True,5,False,False,True,False,False,False,False,False,False,False,True,False,False,False
NA1_4943903206,False,False,0,False,22,False,False,False,0,False,0,False,0,True,False,False,False,False,False,False,False,True,False,False,False,False,False
NA1_4943475174,False,False,0,True,23,True,False,False,0,False,0,True,4,False,True,False,False,False,False,False,False,False,False,False,False,True,False
NA1_4943447260,True,False,0,True,33,True,False,False,0,False,0,True,4,False,False,True,False,False,False,False,False,False,False,True,False,False,False
NA1_4943286632,False,False,0,False,42,False,False,False,0,True,1,True,5,True,False,False,False,False,False,False,False,False,True,False,False,False,False
NA1_4943248844,False,False,0,False,23,True,False,True,2,False,0,False,5,False,False,False,False,True,False,False,True,False,False,False,False,False,False
NA1_4943210755,True,True,1,False,50,False,False,True,3,True,1,False,11,False,False,False,False,True,False,False,True,False,False,False,False,False,False
NA1_4943172114,False,False,0,True,39,True,True,False,0,True,1,True,4,False,False,False,True,False,False,False,False,False,False,False,False,True,False
NA1_4943128706,True,True,1,True,30,False,True,True,2,False,0,True,10,False,False,True,False,False,False,False,False,False,False,False,True,False,False
NA1_4943099223,True,False,0,False,45,False,False,False,1,False,0,False,7,False,False,True,False,False,False,False,True,False,False,False,False,False,False
NA1_4943068539,True,True,1,True,31,True,True,True,6,True,1,True,11,False,False,False,False,True,False,False,False,False,False,False,False,False,True
NA1_4943040212,False,False,0,True,20,False,False,False,0,False,0,False,0,True,False,False,False,False,False,False,True,False,False,False,False,False,False
NA1_4942939558,True,True,1,True,43,True,True,True,2,True,1,False,9,False,False,False,False,True,False,False,False,False,False,True,False,False,False
NA1_4942918427,False,False,0,False,21,True,False,False,0,True,1,False,0,False,False,False,True,False,False,False,False,True,False,False,False,False,False
NA1_4942909174,True,False,0,True,19,True,False,False,0,False,0,True,2,False,False,True,False,False,False,False,False,False,False,True,False,False,False
NA1_4942887802,True,True,2,False,48,True,False,True,3,True,1,True,9,False,False,False,False,True,False,False,False,False,False,False,True,False,False
NA1_4942590864,True,True,1,True,41,True,False,False,0,True,1,True,7,False,False,False,False,True,False,False,False,False,False,True,False,False,False
NA1_4942555148,True,False,0,False,25,False,True,True,2,True,1,True,10,False,True,False,False,False,False,False,False,False,False,False,False,False,True
NA1_4942551008,False,False,0,False,0,False,False,False,0,False,0,False,0,True,False,False,False,False,False,False,True,False,False,False,False,False,False
NA1_4942501403,True,True,1,True,29,True,True,False,0,True,1,True,4,False,False,False,False,True,False,False,False,False,False,False,False,False,True
NA1_4942473047,True,False,0,True,24,True,True,True,1,True,1,True,5,False,False,True,False,False,False,False,False,False,False,False,False,True,False
NA1_4942430794,True,False,0,True,45,True,False,True,3,False,0,True,10,False,False,False,True,False,False,False,False,False,False,False,True,False,False
NA1_4942383474,False,False,0,True,28,True,True,False,0,True,1,False,4,False,True,False,False,False,False,False,False,True,False,False,False,False,False
NA1_4942280897,True,False,0,True,22,True,True,False,0,False,0,True,5,False,False,True,False,False,False,False,False,False,False,True,False,False,False
NA1_4942260076,True,False,0,False,16,True,True,False,0,False,0,True,3,False,True,False,False,False,False,False,False,False,False,True,False,False,False
NA1_4942140890,False,False,0,True,21,True,False,False,0,False,0,False,2,False,True,False,False,False,False,False,True,False,False,False,False,False,False
NA1_4942113255,False,False,0,False,18,False,False,False,0,False,0,False,6,True,False,False,False,False,False,False,True,False,False,False,False,False,False
NA1_4942090839,False,False,0,False,26,False,True,False,0,True,1,False,3,True,False,False,False,False,False,False,False,False,False,True,False,False,False
NA1_4942066672,False,False,0,False,19,False,True,False,0,True,1,False,2,True,False,False,False,False,False,False,False,False,False,True,False,False,False
NA1_4942055496,False,False,0,False,6,False,False,False,0,False,0,False,0,True,False,False,False,False,False,False,True,False,False,False,False,False,False
NA1_4942038316,True,True,2,False,47,True,False,True,6,False,0,True,11,False,False,False,False,False,False,True,False,False,True,False,False,False,False
NA1_4941731216,False,False,0,False,28,True,False,False,0,False,0,False,2,False,False,False,True,False,False,False,True,False,False,False,False,False,False
NA1_4941702057,False,False,0,False,8,False,True,False,0,False,0,False,0,True,False,False,False,False,False,False,False,False,False,True,False,False,False
NA1_4941640655,False,False,0,False,25,True,True,False,0,True,1,False,5,False,False,True,False,False,False,False,False,False,False,False,True,False,False
NA1_4941596121,True,True,1,True,46,True,True,True,4,True,1,True,11,False,False,False,True,False,False,False,False,False,False,False,False,False,True
NA1_4941552280,False,False,0,False,28,True,False,False,0,False,0,False,2,False,False,False,True,False,False,False,True,False,False,False,False,False,False
NA1_4941477679,True,True,1,True,50,True,True,True,2,True,1,True,10,False,False,True,False,False,False,False,False,False,False,False,False,False,True
NA1_4941307298,True,True,1,False,38,True,True,True,4,True,1,True,10,False,False,False,False,False,True,False,False,False,False,True,False,False,False
NA1_4941280487,True,True,1,False,53,False,False,False,2,False,0,False,8,False,True,False,False,False,False,False,False,False,True,False,False,False,False
NA1_4941005305,True,False,0,True,47,False,True,True,2,False,0,True,11,False,False,False,True,False,False,False,False,False,False,False,False,False,True
NA1_4940971468,True,True,1,False,54,True,True,True,1,False,0,False,7,False,False,True,False,False,False,False,False,False,False,True,False,False,False
NA1_4940947922,False,False,0,False,9,False,False,False,0,False,0,False,0,True,False,False,False,False,False,False,False,False,True,False,False,False,False
